,overlap_at_3,overlap_at_5
NORM,1.0,1.0
AMI,0.3333333333333333,0.5
IMI,0.0,0.6666666666666666
Lateral-involved MI,0.0,0.0
