,overlap_at_3,overlap_at_5
NORM,1.0,1.0
AMI,1.0,0.75
IMI,0.3333333333333333,0.3333333333333333
Lateral-involved MI,0.0,0.0
